archivo,fila,motivo,registro
cuadra.DBF,3,Fecha invalida o fuera de rango,"{'NUMERO': 3, 'FECHA': datetime.date(208, 10, 19), 'TURNO': 1, 'OPERADOR': '1009', 'COMBUST_V': 360000, 'OTROS_V': 0, 'DEPOSITO_V': 360000, 'VENTAS_V': 0, 'TRANSBNK_V': 0, 'TRANSFER_V': 0, 'PILOTO_V': 0}"
cuadra.DBF,39,OPERADOR vacio,"{'NUMERO': 39, 'FECHA': datetime.date(2018, 10, 25), 'TURNO': 0, 'OPERADOR': '', 'COMBUST_V': 40000, 'OTROS_V': 4500, 'DEPOSITO_V': 44500, 'VENTAS_V': 0, 'TRANSBNK_V': 0, 'TRANSFER_V': None, 'PILOTO_V': None}"
cuadra.DBF,46,OPERADOR vacio,"{'NUMERO': 46, 'FECHA': datetime.date(2018, 10, 26), 'TURNO': 0, 'OPERADOR': '', 'COMBUST_V': 0, 'OTROS_V': 0, 'DEPOSITO_V': 0, 'VENTAS_V': 0, 'TRANSBNK_V': 0, 'TRANSFER_V': 0, 'PILOTO_V': 0}"
cuadra.DBF,83,OPERADOR vacio,"{'NUMERO': 83, 'FECHA': datetime.date(2018, 11, 1), 'TURNO': 0, 'OPERADOR': '', 'COMBUST_V': 0, 'OTROS_V': 29800, 'DEPOSITO_V': 29800, 'VENTAS_V': 0, 'TRANSBNK_V': 0, 'TRANSFER_V': None, 'PILOTO_V': None}"
cuadra.DBF,142,OPERADOR vacio,"{'NUMERO': 142, 'FECHA': datetime.date(2018, 11, 10), 'TURNO': 0, 'OPERADOR': '', 'COMBUST_V': 240000, 'OTROS_V': 0, 'DEPOSITO_V': 240000, 'VENTAS_V': 0, 'TRANSBNK_V': 0, 'TRANSFER_V': None, 'PILOTO_V': None}"
cuadra.DBF,149,OPERADOR vacio,"{'NUMERO': 149, 'FECHA': datetime.date(2018, 11, 11), 'TURNO': 0, 'OPERADOR': '', 'COMBUST_V': 191900, 'OTROS_V': 0, 'DEPOSITO_V': 191900, 'VENTAS_V': 0, 'TRANSBNK_V': 0, 'TRANSFER_V': None, 'PILOTO_V': None}"
cuadra.DBF,188,OPERADOR vacio,"{'NUMERO': 188, 'FECHA': datetime.date(2018, 11, 17), 'TURNO': 3, 'OPERADOR': '', 'COMBUST_V': 280000, 'OTROS_V': 0, 'DEPOSITO_V': 280000, 'VENTAS_V': 0, 'TRANSBNK_V': 0, 'TRANSFER_V': None, 'PILOTO_V': None}"
cuadra.DBF,193,OPERADOR vacio,"{'NUMERO': 193, 'FECHA': datetime.date(2018, 11, 18), 'TURNO': 0, 'OPERADOR': '', 'COMBUST_V': 50000, 'OTROS_V': 0, 'DEPOSITO_V': 50000, 'VENTAS_V': 0, 'TRANSBNK_V': 0, 'TRANSFER_V': None, 'PILOTO_V': None}"
cuadra.DBF,202,OPERADOR vacio,"{'NUMERO': 202, 'FECHA': datetime.date(2018, 11, 19), 'TURNO': 0, 'OPERADOR': '', 'COMBUST_V': 40000, 'OTROS_V': 0, 'DEPOSITO_V': 40000, 'VENTAS_V': 0, 'TRANSBNK_V': 0, 'TRANSFER_V': None, 'PILOTO_V': None}"
cuadra.DBF,215,OPERADOR vacio,"{'NUMERO': 215, 'FECHA': datetime.date(2018, 11, 22), 'TURNO': 0, 'OPERADOR': '', 'COMBUST_V': 30000, 'OTROS_V': 0, 'DEPOSITO_V': 30000, 'VENTAS_V': 0, 'TRANSBNK_V': 0, 'TRANSFER_V': None, 'PILOTO_V': None}"
cuadra.DBF,221,OPERADOR vacio,"{'NUMERO': 221, 'FECHA': datetime.date(2018, 11, 23), 'TURNO': 0, 'OPERADOR': '', 'COMBUST_V': 82450, 'OTROS_V': 0, 'DEPOSITO_V': 82450, 'VENTAS_V': 0, 'TRANSBNK_V': 0, 'TRANSFER_V': None, 'PILOTO_V': None}"
cuadra.DBF,232,OPERADOR vacio,"{'NUMERO': 232, 'FECHA': datetime.date(2018, 11, 25), 'TURNO': 0, 'OPERADOR': '', 'COMBUST_V': 230350, 'OTROS_V': 0, 'DEPOSITO_V': 230350, 'VENTAS_V': 0, 'TRANSBNK_V': 0, 'TRANSFER_V': None, 'PILOTO_V': None}"
cuadra.DBF,266,OPERADOR vacio,"{'NUMERO': 266, 'FECHA': datetime.date(2018, 11, 30), 'TURNO': 0, 'OPERADOR': '', 'COMBUST_V': 800, 'OTROS_V': 0, 'DEPOSITO_V': 800, 'VENTAS_V': 0, 'TRANSBNK_V': 0, 'TRANSFER_V': None, 'PILOTO_V': None}"
cuadra.DBF,274,OPERADOR vacio,"{'NUMERO': 274, 'FECHA': datetime.date(2018, 12, 1), 'TURNO': 0, 'OPERADOR': '', 'COMBUST_V': 135000, 'OTROS_V': 3500, 'DEPOSITO_V': 138500, 'VENTAS_V': 0, 'TRANSBNK_V': 0, 'TRANSFER_V': None, 'PILOTO_V': None}"
cuadra.DBF,278,OPERADOR vacio,"{'NUMERO': 278, 'FECHA': datetime.date(2018, 12, 2), 'TURNO': 0, 'OPERADOR': '', 'COMBUST_V': 0, 'OTROS_V': 14000, 'DEPOSITO_V': 14000, 'VENTAS_V': 0, 'TRANSBNK_V': 0, 'TRANSFER_V': None, 'PILOTO_V': None}"
cuadra.DBF,292,OPERADOR vacio,"{'NUMERO': 292, 'FECHA': datetime.date(2018, 12, 4), 'TURNO': 0, 'OPERADOR': '', 'COMBUST_V': 40000, 'OTROS_V': 0, 'DEPOSITO_V': 40000, 'VENTAS_V': 0, 'TRANSBNK_V': 0, 'TRANSFER_V': None, 'PILOTO_V': None}"
cuadra.DBF,303,OPERADOR vacio,"{'NUMERO': 303, 'FECHA': datetime.date(2018, 12, 6), 'TURNO': 0, 'OPERADOR': '', 'COMBUST_V': 74290, 'OTROS_V': 0, 'DEPOSITO_V': 74290, 'VENTAS_V': 0, 'TRANSBNK_V': 0, 'TRANSFER_V': None, 'PILOTO_V': None}"
cuadra.DBF,312,OPERADOR vacio,"{'NUMERO': 313, 'FECHA': datetime.date(2018, 12, 7), 'TURNO': 0, 'OPERADOR': '', 'COMBUST_V': 40000, 'OTROS_V': 0, 'DEPOSITO_V': 40000, 'VENTAS_V': 0, 'TRANSBNK_V': 0, 'TRANSFER_V': None, 'PILOTO_V': None}"
cuadra.DBF,339,OPERADOR vacio,"{'NUMERO': 340, 'FECHA': datetime.date(2018, 12, 13), 'TURNO': 0, 'OPERADOR': '', 'COMBUST_V': 0, 'OTROS_V': 3500, 'DEPOSITO_V': 3500, 'VENTAS_V': 0, 'TRANSBNK_V': 0, 'TRANSFER_V': None, 'PILOTO_V': None}"
cuadra.DBF,377,OPERADOR vacio,"{'NUMERO': 380, 'FECHA': datetime.date(2018, 12, 20), 'TURNO': 0, 'OPERADOR': '', 'COMBUST_V': 55000, 'OTROS_V': 0, 'DEPOSITO_V': 55000, 'VENTAS_V': 0, 'TRANSBNK_V': 0, 'TRANSFER_V': None, 'PILOTO_V': None}"
cuadra.DBF,394,OPERADOR vacio,"{'NUMERO': 397, 'FECHA': datetime.date(2018, 12, 22), 'TURNO': 0, 'OPERADOR': '', 'COMBUST_V': 3000, 'OTROS_V': 0, 'DEPOSITO_V': 3000, 'VENTAS_V': 0, 'TRANSBNK_V': 0, 'TRANSFER_V': None, 'PILOTO_V': None}"
cuadra.DBF,399,OPERADOR vacio,"{'NUMERO': 402, 'FECHA': datetime.date(2018, 12, 23), 'TURNO': 0, 'OPERADOR': '', 'COMBUST_V': 0, 'OTROS_V': 3500, 'DEPOSITO_V': 3500, 'VENTAS_V': 0, 'TRANSBNK_V': 0, 'TRANSFER_V': None, 'PILOTO_V': None}"
cuadra.DBF,414,OPERADOR vacio,"{'NUMERO': 417, 'FECHA': datetime.date(2018, 12, 26), 'TURNO': 0, 'OPERADOR': '', 'COMBUST_V': 230000, 'OTROS_V': 0, 'DEPOSITO_V': 230000, 'VENTAS_V': 0, 'TRANSBNK_V': 0, 'TRANSFER_V': None, 'PILOTO_V': None}"
cuadra.DBF,477,OPERADOR vacio,"{'NUMERO': 482, 'FECHA': datetime.date(2019, 1, 7), 'TURNO': 0, 'OPERADOR': '', 'COMBUST_V': 35000, 'OTROS_V': 0, 'DEPOSITO_V': 35000, 'VENTAS_V': 0, 'TRANSBNK_V': 0, 'TRANSFER_V': None, 'PILOTO_V': None}"
cuadra.DBF,494,OPERADOR vacio,"{'NUMERO': 499, 'FECHA': datetime.date(2019, 1, 10), 'TURNO': 0, 'OPERADOR': '', 'COMBUST_V': 73500, 'OTROS_V': 0, 'DEPOSITO_V': 73500, 'VENTAS_V': 0, 'TRANSBNK_V': 0, 'TRANSFER_V': None, 'PILOTO_V': None}"
cuadra.DBF,11862,Fecha invalida o fuera de rango,"{'NUMERO': 11995, 'FECHA': datetime.date(6204, 5, 10), 'TURNO': 3, 'OPERADOR': '1018', 'COMBUST_V': 0, 'OTROS_V': 0, 'DEPOSITO_V': 0, 'VENTAS_V': 1128096, 'TRANSBNK_V': 823983, 'TRANSFER_V': 0, 'PILOTO_V': 55103}"
deposito.DBF,3,Fecha invalida o fuera de rango,"{'NUMERO': 3, 'FECHA': datetime.date(208, 10, 19), 'TURNO': 1, 'OPERADOR': '1009', 'POR_20K': 6, 'POR_10K': 9, 'POR_05K': 30, 'POR_02K': 0, 'POR_01K': 0, 'POR_05C': 0, 'POR_01C': 0, 'POR_50U': 0, 'POR_10U': 0, 'ACEITE_C': 0, 'PROMO_C': 0, 'VAL_20K': 120000, 'VAL_10K': 90000, 'VAL_05K': 150000, 'VAL_02K': 0, 'VAL_01K': 0, 'VAL_05C': 0, 'VAL_01C': 0, 'VAL_50U': 0, 'VAL_10U': 0, 'ACEITE_V': 0, 'PROMO_V': 0, 'VAL_OTRO': 0, 'VAL_COMB': 360000, 'TOTAL_V': 360000}"
deposito.DBF,70,OPERADOR vacio,"{'NUMERO': 70, 'FECHA': datetime.date(2018, 10, 21), 'TURNO': 1, 'OPERADOR': '', 'POR_20K': 7, 'POR_10K': 4, 'POR_05K': 4, 'POR_02K': 0, 'POR_01K': 0, 'POR_05C': 0, 'POR_01C': 0, 'POR_50U': 0, 'POR_10U': 0, 'ACEITE_C': 0, 'PROMO_C': 0, 'VAL_20K': 140000, 'VAL_10K': 40000, 'VAL_05K': 20000, 'VAL_02K': 0, 'VAL_01K': 0, 'VAL_05C': 0, 'VAL_01C': 0, 'VAL_50U': 0, 'VAL_10U': 0, 'ACEITE_V': 0, 'PROMO_V': 0, 'VAL_OTRO': 0, 'VAL_COMB': 200000, 'TOTAL_V': 200000}"
deposito.DBF,180,OPERADOR vacio,"{'NUMERO': 180, 'FECHA': datetime.date(2018, 10, 24), 'TURNO': 2, 'OPERADOR': '', 'POR_20K': 0, 'POR_10K': 0, 'POR_05K': 0, 'POR_02K': 0, 'POR_01K': 0, 'POR_05C': 25, 'POR_01C': 0, 'POR_50U': 1, 'POR_10U': 0, 'ACEITE_C': 0, 'PROMO_C': 0, 'VAL_20K': 0, 'VAL_10K': 0, 'VAL_05K': 0, 'VAL_02K': 0, 'VAL_01K': 0, 'VAL_05C': 12500, 'VAL_01C': 0, 'VAL_50U': 50, 'VAL_10U': 0, 'ACEITE_V': 0, 'PROMO_V': 0, 'VAL_OTRO': 0, 'VAL_COMB': 12550, 'TOTAL_V': 12550}"
deposito.DBF,207,OPERADOR vacio,"{'NUMERO': 207, 'FECHA': datetime.date(2018, 10, 25), 'TURNO': 0, 'OPERADOR': '', 'POR_20K': 0, 'POR_10K': 0, 'POR_05K': 0, 'POR_02K': 0, 'POR_01K': 0, 'POR_05C': 0, 'POR_01C': 0, 'POR_50U': 0, 'POR_10U': 0, 'ACEITE_C': 1, 'PROMO_C': 0, 'VAL_20K': 0, 'VAL_10K': 0, 'VAL_05K': 0, 'VAL_02K': 0, 'VAL_01K': 0, 'VAL_05C': 0, 'VAL_01C': 0, 'VAL_50U': 0, 'VAL_10U': 0, 'ACEITE_V': 4500, 'PROMO_V': 0, 'VAL_OTRO': 4500, 'VAL_COMB': 0, 'TOTAL_V': 4500}"
deposito.DBF,208,OPERADOR vacio,"{'NUMERO': 208, 'FECHA': datetime.date(2018, 10, 25), 'TURNO': 0, 'OPERADOR': '', 'POR_20K': 0, 'POR_10K': 0, 'POR_05K': 0, 'POR_02K': 0, 'POR_01K': 0, 'POR_05C': 0, 'POR_01C': 0, 'POR_50U': 0, 'POR_10U': 0, 'ACEITE_C': 0, 'PROMO_C': 0, 'VAL_20K': 0, 'VAL_10K': 0, 'VAL_05K': 0, 'VAL_02K': 0, 'VAL_01K': 0, 'VAL_05C': 0, 'VAL_01C': 0, 'VAL_50U': 0, 'VAL_10U': 0, 'ACEITE_V': 0, 'PROMO_V': 0, 'VAL_OTRO': 0, 'VAL_COMB': 0, 'TOTAL_V': 0}"
deposito.DBF,227,OPERADOR vacio,"{'NUMERO': 227, 'FECHA': datetime.date(2018, 10, 25), 'TURNO': 0, 'OPERADOR': '', 'POR_20K': 2, 'POR_10K': 0, 'POR_05K': 0, 'POR_02K': 0, 'POR_01K': 0, 'POR_05C': 0, 'POR_01C': 0, 'POR_50U': 0, 'POR_10U': 0, 'ACEITE_C': 0, 'PROMO_C': 0, 'VAL_20K': 40000, 'VAL_10K': 0, 'VAL_05K': 0, 'VAL_02K': 0, 'VAL_01K': 0, 'VAL_05C': 0, 'VAL_01C': 0, 'VAL_50U': 0, 'VAL_10U': 0, 'ACEITE_V': 0, 'PROMO_V': 0, 'VAL_OTRO': 0, 'VAL_COMB': 40000, 'TOTAL_V': 40000}"
deposito.DBF,296,OPERADOR vacio,"{'NUMERO': 296, 'FECHA': datetime.date(2018, 10, 28), 'TURNO': 1, 'OPERADOR': '', 'POR_20K': 8, 'POR_10K': 2, 'POR_05K': 0, 'POR_02K': 0, 'POR_01K': 10, 'POR_05C': 0, 'POR_01C': 0, 'POR_50U': 0, 'POR_10U': 0, 'ACEITE_C': 0, 'PROMO_C': 0, 'VAL_20K': 160000, 'VAL_10K': 20000, 'VAL_05K': 0, 'VAL_02K': 0, 'VAL_01K': 10000, 'VAL_05C': 0, 'VAL_01C': 0, 'VAL_50U': 0, 'VAL_10U': 0, 'ACEITE_V': 0, 'PROMO_V': 0, 'VAL_OTRO': 0, 'VAL_COMB': 190000, 'TOTAL_V': 190000}"
deposito.DBF,310,OPERADOR vacio,"{'NUMERO': 310, 'FECHA': datetime.date(2018, 10, 28), 'TURNO': 2, 'OPERADOR': '', 'POR_20K': 0, 'POR_10K': 5, 'POR_05K': 5, 'POR_02K': 4, 'POR_01K': 19, 'POR_05C': 2, 'POR_01C': 0, 'POR_50U': 0, 'POR_10U': 0, 'ACEITE_C': 0, 'PROMO_C': 0, 'VAL_20K': 0, 'VAL_10K': 50000, 'VAL_05K': 25000, 'VAL_02K': 8000, 'VAL_01K': 19000, 'VAL_05C': 1000, 'VAL_01C': 0, 'VAL_50U': 0, 'VAL_10U': 0, 'ACEITE_V': 0, 'PROMO_V': 0, 'VAL_OTRO': 0, 'VAL_COMB': 103000, 'TOTAL_V': 103000}"
deposito.DBF,415,OPERADOR vacio,"{'NUMERO': 415, 'FECHA': datetime.date(2018, 11, 1), 'TURNO': 0, 'OPERADOR': '', 'POR_20K': 0, 'POR_10K': 0, 'POR_05K': 0, 'POR_02K': 0, 'POR_01K': 0, 'POR_05C': 0, 'POR_01C': 0, 'POR_50U': 0, 'POR_10U': 0, 'ACEITE_C': 1, 'PROMO_C': 0, 'VAL_20K': 0, 'VAL_10K': 0, 'VAL_05K': 0, 'VAL_02K': 0, 'VAL_01K': 0, 'VAL_05C': 0, 'VAL_01C': 0, 'VAL_50U': 0, 'VAL_10U': 0, 'ACEITE_V': 9000, 'PROMO_V': 0, 'VAL_OTRO': 9000, 'VAL_COMB': 0, 'TOTAL_V': 9000}"
deposito.DBF,416,OPERADOR vacio,"{'NUMERO': 416, 'FECHA': datetime.date(2018, 11, 1), 'TURNO': 0, 'OPERADOR': '', 'POR_20K': 0, 'POR_10K': 0, 'POR_05K': 0, 'POR_02K': 0, 'POR_01K': 0, 'POR_05C': 0, 'POR_01C': 0, 'POR_50U': 0, 'POR_10U': 0, 'ACEITE_C': 1, 'PROMO_C': 0, 'VAL_20K': 0, 'VAL_10K': 0, 'VAL_05K': 0, 'VAL_02K': 0, 'VAL_01K': 0, 'VAL_05C': 0, 'VAL_01C': 0, 'VAL_50U': 0, 'VAL_10U': 0, 'ACEITE_V': 9000, 'PROMO_V': 0, 'VAL_OTRO': 9000, 'VAL_COMB': 0, 'TOTAL_V': 9000}"
deposito.DBF,431,OPERADOR vacio,"{'NUMERO': 431, 'FECHA': datetime.date(2018, 11, 1), 'TURNO': 0, 'OPERADOR': '', 'POR_20K': 0, 'POR_10K': 0, 'POR_05K': 0, 'POR_02K': 0, 'POR_01K': 0, 'POR_05C': 0, 'POR_01C': 0, 'POR_50U': 0, 'POR_10U': 0, 'ACEITE_C': 0, 'PROMO_C': 0, 'VAL_20K': 0, 'VAL_10K': 0, 'VAL_05K': 0, 'VAL_02K': 0, 'VAL_01K': 0, 'VAL_05C': 0, 'VAL_01C': 0, 'VAL_50U': 0, 'VAL_10U': 0, 'ACEITE_V': 5900, 'PROMO_V': 0, 'VAL_OTRO': 5900, 'VAL_COMB': 0, 'TOTAL_V': 5900}"
deposito.DBF,432,OPERADOR vacio,"{'NUMERO': 432, 'FECHA': datetime.date(2018, 11, 1), 'TURNO': 0, 'OPERADOR': '', 'POR_20K': 0, 'POR_10K': 0, 'POR_05K': 0, 'POR_02K': 0, 'POR_01K': 0, 'POR_05C': 0, 'POR_01C': 0, 'POR_50U': 0, 'POR_10U': 0, 'ACEITE_C': 1, 'PROMO_C': 0, 'VAL_20K': 0, 'VAL_10K': 0, 'VAL_05K': 0, 'VAL_02K': 0, 'VAL_01K': 0, 'VAL_05C': 0, 'VAL_01C': 0, 'VAL_50U': 0, 'VAL_10U': 0, 'ACEITE_V': 5900, 'PROMO_V': 0, 'VAL_OTRO': 5900, 'VAL_COMB': 0, 'TOTAL_V': 5900}"
deposito.DBF,452,OPERADOR vacio,"{'NUMERO': 452, 'FECHA': datetime.date(2018, 11, 2), 'TURNO': 2, 'OPERADOR': '', 'POR_20K': 3, 'POR_10K': 2, 'POR_05K': 4, 'POR_02K': 0, 'POR_01K': 0, 'POR_05C': 0, 'POR_01C': 0, 'POR_50U': 0, 'POR_10U': 0, 'ACEITE_C': 0, 'PROMO_C': 0, 'VAL_20K': 60000, 'VAL_10K': 20000, 'VAL_05K': 20000, 'VAL_02K': 0, 'VAL_01K': 0, 'VAL_05C': 0, 'VAL_01C': 0, 'VAL_50U': 0, 'VAL_10U': 0, 'ACEITE_V': 0, 'PROMO_V': 0, 'VAL_OTRO': 0, 'VAL_COMB': 100000, 'TOTAL_V': 100000}"
deposito.DBF,453,OPERADOR vacio,"{'NUMERO': 453, 'FECHA': datetime.date(2018, 11, 2), 'TURNO': 0, 'OPERADOR': '', 'POR_20K': 0, 'POR_10K': 0, 'POR_05K': 0, 'POR_02K': 0, 'POR_01K': 0, 'POR_05C': 0, 'POR_01C': 0, 'POR_50U': 0, 'POR_10U': 0, 'ACEITE_C': 0, 'PROMO_C': 0, 'VAL_20K': 0, 'VAL_10K': 0, 'VAL_05K': 0, 'VAL_02K': 0, 'VAL_01K': 0, 'VAL_05C': 0, 'VAL_01C': 0, 'VAL_50U': 0, 'VAL_10U': 0, 'ACEITE_V': 0, 'PROMO_V': 0, 'VAL_OTRO': 0, 'VAL_COMB': 0, 'TOTAL_V': 0}"
deposito.DBF,483,OPERADOR vacio,"{'NUMERO': 483, 'FECHA': datetime.date(2018, 11, 3), 'TURNO': 2, 'OPERADOR': '', 'POR_20K': 6, 'POR_10K': 3, 'POR_05K': 2, 'POR_02K': 0, 'POR_01K': 0, 'POR_05C': 0, 'POR_01C': 0, 'POR_50U': 0, 'POR_10U': 0, 'ACEITE_C': 0, 'PROMO_C': 0, 'VAL_20K': 120000, 'VAL_10K': 30000, 'VAL_05K': 10000, 'VAL_02K': 0, 'VAL_01K': 0, 'VAL_05C': 0, 'VAL_01C': 0, 'VAL_50U': 0, 'VAL_10U': 0, 'ACEITE_V': 0, 'PROMO_V': 0, 'VAL_OTRO': 0, 'VAL_COMB': 160000, 'TOTAL_V': 160000}"
deposito.DBF,553,OPERADOR vacio,"{'NUMERO': 553, 'FECHA': datetime.date(2018, 11, 6), 'TURNO': 1, 'OPERADOR': '', 'POR_20K': 4, 'POR_10K': 7, 'POR_05K': 0, 'POR_02K': 0, 'POR_01K': 0, 'POR_05C': 0, 'POR_01C': 0, 'POR_50U': 0, 'POR_10U': 0, 'ACEITE_C': 0, 'PROMO_C': 0, 'VAL_20K': 80000, 'VAL_10K': 70000, 'VAL_05K': 0, 'VAL_02K': 0, 'VAL_01K': 0, 'VAL_05C': 0, 'VAL_01C': 0, 'VAL_50U': 0, 'VAL_10U': 0, 'ACEITE_V': 0, 'PROMO_V': 0, 'VAL_OTRO': 0, 'VAL_COMB': 150000, 'TOTAL_V': 150000}"
deposito.DBF,595,OPERADOR vacio,"{'NUMERO': 595, 'FECHA': datetime.date(2018, 11, 7), 'TURNO': 2, 'OPERADOR': '', 'POR_20K': 5, 'POR_10K': 5, 'POR_05K': 0, 'POR_02K': 0, 'POR_01K': 0, 'POR_05C': 0, 'POR_01C': 0, 'POR_50U': 0, 'POR_10U': 0, 'ACEITE_C': 0, 'PROMO_C': 0, 'VAL_20K': 100000, 'VAL_10K': 50000, 'VAL_05K': 0, 'VAL_02K': 0, 'VAL_01K': 0, 'VAL_05C': 0, 'VAL_01C': 0, 'VAL_50U': 0, 'VAL_10U': 0, 'ACEITE_V': 0, 'PROMO_V': 0, 'VAL_OTRO': 0, 'VAL_COMB': 150000, 'TOTAL_V': 150000}"
deposito.DBF,688,OPERADOR vacio,"{'NUMERO': 689, 'FECHA': datetime.date(2018, 11, 10), 'TURNO': 0, 'OPERADOR': '', 'POR_20K': 6, 'POR_10K': 10, 'POR_05K': 0, 'POR_02K': 0, 'POR_01K': 20, 'POR_05C': 0, 'POR_01C': 0, 'POR_50U': 0, 'POR_10U': 0, 'ACEITE_C': 0, 'PROMO_C': 0, 'VAL_20K': 120000, 'VAL_10K': 100000, 'VAL_05K': 0, 'VAL_02K': 0, 'VAL_01K': 20000, 'VAL_05C': 0, 'VAL_01C': 0, 'VAL_50U': 0, 'VAL_10U': 0, 'ACEITE_V': 0, 'PROMO_V': 0, 'VAL_OTRO': 0, 'VAL_COMB': 240000, 'TOTAL_V': 240000}"
deposito.DBF,689,OPERADOR vacio,"{'NUMERO': 690, 'FECHA': datetime.date(2018, 11, 10), 'TURNO': 0, 'OPERADOR': '', 'POR_20K': 0, 'POR_10K': 0, 'POR_05K': 0, 'POR_02K': 0, 'POR_01K': 0, 'POR_05C': 0, 'POR_01C': 0, 'POR_50U': 0, 'POR_10U': 0, 'ACEITE_C': 0, 'PROMO_C': 0, 'VAL_20K': 0, 'VAL_10K': 0, 'VAL_05K': 0, 'VAL_02K': 0, 'VAL_01K': 0, 'VAL_05C': 0, 'VAL_01C': 0, 'VAL_50U': 0, 'VAL_10U': 0, 'ACEITE_V': 0, 'PROMO_V': 0, 'VAL_OTRO': 0, 'VAL_COMB': 0, 'TOTAL_V': 0}"
deposito.DBF,690,OPERADOR vacio,"{'NUMERO': 691, 'FECHA': datetime.date(2018, 11, 10), 'TURNO': 0, 'OPERADOR': '', 'POR_20K': 0, 'POR_10K': 0, 'POR_05K': 0, 'POR_02K': 0, 'POR_01K': 0, 'POR_05C': 0, 'POR_01C': 0, 'POR_50U': 0, 'POR_10U': 0, 'ACEITE_C': 0, 'PROMO_C': 0, 'VAL_20K': 0, 'VAL_10K': 0, 'VAL_05K': 0, 'VAL_02K': 0, 'VAL_01K': 0, 'VAL_05C': 0, 'VAL_01C': 0, 'VAL_50U': 0, 'VAL_10U': 0, 'ACEITE_V': 0, 'PROMO_V': 0, 'VAL_OTRO': 0, 'VAL_COMB': 0, 'TOTAL_V': 0}"
deposito.DBF,691,OPERADOR vacio,"{'NUMERO': 692, 'FECHA': datetime.date(2018, 11, 10), 'TURNO': 0, 'OPERADOR': '', 'POR_20K': 0, 'POR_10K': 0, 'POR_05K': 0, 'POR_02K': 0, 'POR_01K': 0, 'POR_05C': 0, 'POR_01C': 0, 'POR_50U': 0, 'POR_10U': 0, 'ACEITE_C': 0, 'PROMO_C': 0, 'VAL_20K': 0, 'VAL_10K': 0, 'VAL_05K': 0, 'VAL_02K': 0, 'VAL_01K': 0, 'VAL_05C': 0, 'VAL_01C': 0, 'VAL_50U': 0, 'VAL_10U': 0, 'ACEITE_V': 0, 'PROMO_V': 0, 'VAL_OTRO': 0, 'VAL_COMB': 0, 'TOTAL_V': 0}"
deposito.DBF,692,OPERADOR vacio,"{'NUMERO': 693, 'FECHA': datetime.date(2018, 11, 10), 'TURNO': 0, 'OPERADOR': '', 'POR_20K': 0, 'POR_10K': 0, 'POR_05K': 0, 'POR_02K': 0, 'POR_01K': 0, 'POR_05C': 0, 'POR_01C': 0, 'POR_50U': 0, 'POR_10U': 0, 'ACEITE_C': 0, 'PROMO_C': 0, 'VAL_20K': 0, 'VAL_10K': 0, 'VAL_05K': 0, 'VAL_02K': 0, 'VAL_01K': 0, 'VAL_05C': 0, 'VAL_01C': 0, 'VAL_50U': 0, 'VAL_10U': 0, 'ACEITE_V': 0, 'PROMO_V': 0, 'VAL_OTRO': 0, 'VAL_COMB': 0, 'TOTAL_V': 0}"
deposito.DBF,693,OPERADOR vacio,"{'NUMERO': 694, 'FECHA': datetime.date(2018, 11, 10), 'TURNO': 0, 'OPERADOR': '', 'POR_20K': 0, 'POR_10K': 0, 'POR_05K': 0, 'POR_02K': 0, 'POR_01K': 0, 'POR_05C': 0, 'POR_01C': 0, 'POR_50U': 0, 'POR_10U': 0, 'ACEITE_C': 0, 'PROMO_C': 0, 'VAL_20K': 0, 'VAL_10K': 0, 'VAL_05K': 0, 'VAL_02K': 0, 'VAL_01K': 0, 'VAL_05C': 0, 'VAL_01C': 0, 'VAL_50U': 0, 'VAL_10U': 0, 'ACEITE_V': 0, 'PROMO_V': 0, 'VAL_OTRO': 0, 'VAL_COMB': 0, 'TOTAL_V': 0}"
deposito.DBF,694,OPERADOR vacio,"{'NUMERO': 695, 'FECHA': datetime.date(2018, 11, 10), 'TURNO': 0, 'OPERADOR': '', 'POR_20K': 0, 'POR_10K': 0, 'POR_05K': 0, 'POR_02K': 0, 'POR_01K': 0, 'POR_05C': 0, 'POR_01C': 0, 'POR_50U': 0, 'POR_10U': 0, 'ACEITE_C': 0, 'PROMO_C': 0, 'VAL_20K': 0, 'VAL_10K': 0, 'VAL_05K': 0, 'VAL_02K': 0, 'VAL_01K': 0, 'VAL_05C': 0, 'VAL_01C': 0, 'VAL_50U': 0, 'VAL_10U': 0, 'ACEITE_V': 0, 'PROMO_V': 0, 'VAL_OTRO': 0, 'VAL_COMB': 0, 'TOTAL_V': 0}"
deposito.DBF,695,OPERADOR vacio,"{'NUMERO': 696, 'FECHA': datetime.date(2018, 11, 10), 'TURNO': 0, 'OPERADOR': '', 'POR_20K': 0, 'POR_10K': 0, 'POR_05K': 0, 'POR_02K': 0, 'POR_01K': 0, 'POR_05C': 0, 'POR_01C': 0, 'POR_50U': 0, 'POR_10U': 0, 'ACEITE_C': 0, 'PROMO_C': 0, 'VAL_20K': 0, 'VAL_10K': 0, 'VAL_05K': 0, 'VAL_02K': 0, 'VAL_01K': 0, 'VAL_05C': 0, 'VAL_01C': 0, 'VAL_50U': 0, 'VAL_10U': 0, 'ACEITE_V': 0, 'PROMO_V': 0, 'VAL_OTRO': 0, 'VAL_COMB': 0, 'TOTAL_V': 0}"
deposito.DBF,696,OPERADOR vacio,"{'NUMERO': 697, 'FECHA': datetime.date(2018, 11, 10), 'TURNO': 0, 'OPERADOR': '', 'POR_20K': 0, 'POR_10K': 0, 'POR_05K': 0, 'POR_02K': 0, 'POR_01K': 0, 'POR_05C': 0, 'POR_01C': 0, 'POR_50U': 0, 'POR_10U': 0, 'ACEITE_C': 0, 'PROMO_C': 0, 'VAL_20K': 0, 'VAL_10K': 0, 'VAL_05K': 0, 'VAL_02K': 0, 'VAL_01K': 0, 'VAL_05C': 0, 'VAL_01C': 0, 'VAL_50U': 0, 'VAL_10U': 0, 'ACEITE_V': 0, 'PROMO_V': 0, 'VAL_OTRO': 0, 'VAL_COMB': 0, 'TOTAL_V': 0}"
deposito.DBF,697,OPERADOR vacio,"{'NUMERO': 698, 'FECHA': datetime.date(2018, 11, 10), 'TURNO': 0, 'OPERADOR': '', 'POR_20K': 0, 'POR_10K': 0, 'POR_05K': 0, 'POR_02K': 0, 'POR_01K': 0, 'POR_05C': 0, 'POR_01C': 0, 'POR_50U': 0, 'POR_10U': 0, 'ACEITE_C': 0, 'PROMO_C': 0, 'VAL_20K': 0, 'VAL_10K': 0, 'VAL_05K': 0, 'VAL_02K': 0, 'VAL_01K': 0, 'VAL_05C': 0, 'VAL_01C': 0, 'VAL_50U': 0, 'VAL_10U': 0, 'ACEITE_V': 0, 'PROMO_V': 0, 'VAL_OTRO': 0, 'VAL_COMB': 0, 'TOTAL_V': 0}"
deposito.DBF,698,OPERADOR vacio,"{'NUMERO': 699, 'FECHA': datetime.date(2018, 11, 10), 'TURNO': 0, 'OPERADOR': '', 'POR_20K': 0, 'POR_10K': 0, 'POR_05K': 0, 'POR_02K': 0, 'POR_01K': 0, 'POR_05C': 0, 'POR_01C': 0, 'POR_50U': 0, 'POR_10U': 0, 'ACEITE_C': 0, 'PROMO_C': 0, 'VAL_20K': 0, 'VAL_10K': 0, 'VAL_05K': 0, 'VAL_02K': 0, 'VAL_01K': 0, 'VAL_05C': 0, 'VAL_01C': 0, 'VAL_50U': 0, 'VAL_10U': 0, 'ACEITE_V': 0, 'PROMO_V': 0, 'VAL_OTRO': 0, 'VAL_COMB': 0, 'TOTAL_V': 0}"
deposito.DBF,699,OPERADOR vacio,"{'NUMERO': 700, 'FECHA': datetime.date(2018, 11, 10), 'TURNO': 0, 'OPERADOR': '', 'POR_20K': 0, 'POR_10K': 0, 'POR_05K': 0, 'POR_02K': 0, 'POR_01K': 0, 'POR_05C': 0, 'POR_01C': 0, 'POR_50U': 0, 'POR_10U': 0, 'ACEITE_C': 0, 'PROMO_C': 0, 'VAL_20K': 0, 'VAL_10K': 0, 'VAL_05K': 0, 'VAL_02K': 0, 'VAL_01K': 0, 'VAL_05C': 0, 'VAL_01C': 0, 'VAL_50U': 0, 'VAL_10U': 0, 'ACEITE_V': 0, 'PROMO_V': 0, 'VAL_OTRO': 0, 'VAL_COMB': 0, 'TOTAL_V': 0}"
deposito.DBF,700,OPERADOR vacio,"{'NUMERO': 701, 'FECHA': datetime.date(2018, 11, 10), 'TURNO': 0, 'OPERADOR': '', 'POR_20K': 0, 'POR_10K': 0, 'POR_05K': 0, 'POR_02K': 0, 'POR_01K': 0, 'POR_05C': 0, 'POR_01C': 0, 'POR_50U': 0, 'POR_10U': 0, 'ACEITE_C': 0, 'PROMO_C': 0, 'VAL_20K': 0, 'VAL_10K': 0, 'VAL_05K': 0, 'VAL_02K': 0, 'VAL_01K': 0, 'VAL_05C': 0, 'VAL_01C': 0, 'VAL_50U': 0, 'VAL_10U': 0, 'ACEITE_V': 0, 'PROMO_V': 0, 'VAL_OTRO': 0, 'VAL_COMB': 0, 'TOTAL_V': 0}"
deposito.DBF,701,OPERADOR vacio,"{'NUMERO': 702, 'FECHA': datetime.date(2018, 11, 10), 'TURNO': 0, 'OPERADOR': '', 'POR_20K': 0, 'POR_10K': 0, 'POR_05K': 0, 'POR_02K': 0, 'POR_01K': 0, 'POR_05C': 0, 'POR_01C': 0, 'POR_50U': 0, 'POR_10U': 0, 'ACEITE_C': 0, 'PROMO_C': 0, 'VAL_20K': 0, 'VAL_10K': 0, 'VAL_05K': 0, 'VAL_02K': 0, 'VAL_01K': 0, 'VAL_05C': 0, 'VAL_01C': 0, 'VAL_50U': 0, 'VAL_10U': 0, 'ACEITE_V': 0, 'PROMO_V': 0, 'VAL_OTRO': 0, 'VAL_COMB': 0, 'TOTAL_V': 0}"
deposito.DBF,702,OPERADOR vacio,"{'NUMERO': 703, 'FECHA': datetime.date(2018, 11, 10), 'TURNO': 0, 'OPERADOR': '', 'POR_20K': 0, 'POR_10K': 0, 'POR_05K': 0, 'POR_02K': 0, 'POR_01K': 0, 'POR_05C': 0, 'POR_01C': 0, 'POR_50U': 0, 'POR_10U': 0, 'ACEITE_C': 0, 'PROMO_C': 0, 'VAL_20K': 0, 'VAL_10K': 0, 'VAL_05K': 0, 'VAL_02K': 0, 'VAL_01K': 0, 'VAL_05C': 0, 'VAL_01C': 0, 'VAL_50U': 0, 'VAL_10U': 0, 'ACEITE_V': 0, 'PROMO_V': 0, 'VAL_OTRO': 0, 'VAL_COMB': 0, 'TOTAL_V': 0}"
deposito.DBF,734,OPERADOR vacio,"{'NUMERO': 735, 'FECHA': datetime.date(2018, 11, 11), 'TURNO': 2, 'OPERADOR': '', 'POR_20K': 3, 'POR_10K': 9, 'POR_05K': 0, 'POR_02K': 0, 'POR_01K': 20, 'POR_05C': 0, 'POR_01C': 0, 'POR_50U': 0, 'POR_10U': 0, 'ACEITE_C': 0, 'PROMO_C': 0, 'VAL_20K': 60000, 'VAL_10K': 90000, 'VAL_05K': 0, 'VAL_02K': 0, 'VAL_01K': 20000, 'VAL_05C': 0, 'VAL_01C': 0, 'VAL_50U': 0, 'VAL_10U': 0, 'ACEITE_V': 0, 'PROMO_V': 0, 'VAL_OTRO': 0, 'VAL_COMB': 170000, 'TOTAL_V': 170000}"
deposito.DBF,740,OPERADOR vacio,"{'NUMERO': 741, 'FECHA': datetime.date(2018, 11, 11), 'TURNO': 0, 'OPERADOR': '', 'POR_20K': 1, 'POR_10K': 9, 'POR_05K': 6, 'POR_02K': 4, 'POR_01K': 39, 'POR_05C': 8, 'POR_01C': 5, 'POR_50U': 8, 'POR_10U': 0, 'ACEITE_C': 0, 'PROMO_C': 0, 'VAL_20K': 20000, 'VAL_10K': 90000, 'VAL_05K': 30000, 'VAL_02K': 8000, 'VAL_01K': 39000, 'VAL_05C': 4000, 'VAL_01C': 500, 'VAL_50U': 400, 'VAL_10U': 0, 'ACEITE_V': 0, 'PROMO_V': 0, 'VAL_OTRO': 0, 'VAL_COMB': 191900, 'TOTAL_V': 191900}"
deposito.DBF,771,OPERADOR vacio,"{'NUMERO': 772, 'FECHA': datetime.date(2018, 11, 12), 'TURNO': 2, 'OPERADOR': '', 'POR_20K': 5, 'POR_10K': 4, 'POR_05K': 6, 'POR_02K': 7, 'POR_01K': 65, 'POR_05C': 0, 'POR_01C': 0, 'POR_50U': 0, 'POR_10U': 0, 'ACEITE_C': 0, 'PROMO_C': 0, 'VAL_20K': 100000, 'VAL_10K': 40000, 'VAL_05K': 30000, 'VAL_02K': 14000, 'VAL_01K': 65000, 'VAL_05C': 0, 'VAL_01C': 0, 'VAL_50U': 0, 'VAL_10U': 0, 'ACEITE_V': 0, 'PROMO_V': 0, 'VAL_OTRO': 0, 'VAL_COMB': 249000, 'TOTAL_V': 249000}"
deposito.DBF,913,OPERADOR vacio,"{'NUMERO': 914, 'FECHA': datetime.date(2018, 11, 17), 'TURNO': 3, 'OPERADOR': '', 'POR_20K': 5, 'POR_10K': 15, 'POR_05K': 6, 'POR_02K': 0, 'POR_01K': 0, 'POR_05C': 0, 'POR_01C': 0, 'POR_50U': 0, 'POR_10U': 0, 'ACEITE_C': 0, 'PROMO_C': 0, 'VAL_20K': 100000, 'VAL_10K': 150000, 'VAL_05K': 30000, 'VAL_02K': 0, 'VAL_01K': 0, 'VAL_05C': 0, 'VAL_01C': 0, 'VAL_50U': 0, 'VAL_10U': 0, 'ACEITE_V': 0, 'PROMO_V': 0, 'VAL_OTRO': 0, 'VAL_COMB': 280000, 'TOTAL_V': 280000}"
deposito.DBF,925,OPERADOR vacio,"{'NUMERO': 926, 'FECHA': datetime.date(2018, 11, 18), 'TURNO': 0, 'OPERADOR': '', 'POR_20K': 0, 'POR_10K': 5, 'POR_05K': 0, 'POR_02K': 0, 'POR_01K': 0, 'POR_05C': 0, 'POR_01C': 0, 'POR_50U': 0, 'POR_10U': 0, 'ACEITE_C': 0, 'PROMO_C': 0, 'VAL_20K': 0, 'VAL_10K': 50000, 'VAL_05K': 0, 'VAL_02K': 0, 'VAL_01K': 0, 'VAL_05C': 0, 'VAL_01C': 0, 'VAL_50U': 0, 'VAL_10U': 0, 'ACEITE_V': 0, 'PROMO_V': 0, 'VAL_OTRO': 0, 'VAL_COMB': 50000, 'TOTAL_V': 50000}"
deposito.DBF,968,OPERADOR vacio,"{'NUMERO': 969, 'FECHA': datetime.date(2018, 11, 19), 'TURNO': 0, 'OPERADOR': '', 'POR_20K': 2, 'POR_10K': 0, 'POR_05K': 0, 'POR_02K': 0, 'POR_01K': 0, 'POR_05C': 0, 'POR_01C': 0, 'POR_50U': 0, 'POR_10U': 0, 'ACEITE_C': 0, 'PROMO_C': 0, 'VAL_20K': 40000, 'VAL_10K': 0, 'VAL_05K': 0, 'VAL_02K': 0, 'VAL_01K': 0, 'VAL_05C': 0, 'VAL_01C': 0, 'VAL_50U': 0, 'VAL_10U': 0, 'ACEITE_V': 0, 'PROMO_V': 0, 'VAL_OTRO': 0, 'VAL_COMB': 40000, 'TOTAL_V': 40000}"
deposito.DBF,1027,OPERADOR vacio,"{'NUMERO': 1028, 'FECHA': datetime.date(2018, 11, 22), 'TURNO': 0, 'OPERADOR': '', 'POR_20K': 0, 'POR_10K': 3, 'POR_05K': 0, 'POR_02K': 0, 'POR_01K': 0, 'POR_05C': 0, 'POR_01C': 0, 'POR_50U': 0, 'POR_10U': 0, 'ACEITE_C': 0, 'PROMO_C': 0, 'VAL_20K': 0, 'VAL_10K': 30000, 'VAL_05K': 0, 'VAL_02K': 0, 'VAL_01K': 0, 'VAL_05C': 0, 'VAL_01C': 0, 'VAL_50U': 0, 'VAL_10U': 0, 'ACEITE_V': 0, 'PROMO_V': 0, 'VAL_OTRO': 0, 'VAL_COMB': 30000, 'TOTAL_V': 30000}"
deposito.DBF,1056,OPERADOR vacio,"{'NUMERO': 1057, 'FECHA': datetime.date(2018, 11, 23), 'TURNO': 0, 'OPERADOR': '', 'POR_20K': 2, 'POR_10K': 0, 'POR_05K': 0, 'POR_02K': 0, 'POR_01K': 0, 'POR_05C': 0, 'POR_01C': 0, 'POR_50U': 0, 'POR_10U': 0, 'ACEITE_C': 0, 'PROMO_C': 0, 'VAL_20K': 40000, 'VAL_10K': 0, 'VAL_05K': 0, 'VAL_02K': 0, 'VAL_01K': 0, 'VAL_05C': 0, 'VAL_01C': 0, 'VAL_50U': 0, 'VAL_10U': 0, 'ACEITE_V': 0, 'PROMO_V': 0, 'VAL_OTRO': 0, 'VAL_COMB': 40000, 'TOTAL_V': 40000}"
deposito.DBF,1074,OPERADOR vacio,"{'NUMERO': 1075, 'FECHA': datetime.date(2018, 11, 23), 'TURNO': 0, 'OPERADOR': '', 'POR_20K': 0, 'POR_10K': 0, 'POR_05K': 0, 'POR_02K': 0, 'POR_01K': 0, 'POR_05C': 35, 'POR_01C': 0, 'POR_50U': 0, 'POR_10U': 0, 'ACEITE_C': 0, 'PROMO_C': 0, 'VAL_20K': 0, 'VAL_10K': 0, 'VAL_05K': 0, 'VAL_02K': 0, 'VAL_01K': 0, 'VAL_05C': 17500, 'VAL_01C': 0, 'VAL_50U': 0, 'VAL_10U': 0, 'ACEITE_V': 0, 'PROMO_V': 0, 'VAL_OTRO': 0, 'VAL_COMB': 17500, 'TOTAL_V': 17500}"
deposito.DBF,1075,OPERADOR vacio,"{'NUMERO': 1076, 'FECHA': datetime.date(2018, 11, 23), 'TURNO': 0, 'OPERADOR': '', 'POR_20K': 0, 'POR_10K': 0, 'POR_05K': 0, 'POR_02K': 0, 'POR_01K': 0, 'POR_05C': 35, 'POR_01C': 70, 'POR_50U': 8, 'POR_10U': 5, 'ACEITE_C': 0, 'PROMO_C': 0, 'VAL_20K': 0, 'VAL_10K': 0, 'VAL_05K': 0, 'VAL_02K': 0, 'VAL_01K': 0, 'VAL_05C': 17500, 'VAL_01C': 7000, 'VAL_50U': 400, 'VAL_10U': 50, 'ACEITE_V': 0, 'PROMO_V': 0, 'VAL_OTRO': 0, 'VAL_COMB': 24950, 'TOTAL_V': 24950}"
deposito.DBF,1123,OPERADOR vacio,"{'NUMERO': 1124, 'FECHA': datetime.date(2018, 11, 25), 'TURNO': 0, 'OPERADOR': '', 'POR_20K': 0, 'POR_10K': 9, 'POR_05K': 7, 'POR_02K': 15, 'POR_01K': 61, 'POR_05C': 11, 'POR_01C': 0, 'POR_50U': 0, 'POR_10U': 0, 'ACEITE_C': 0, 'PROMO_C': 0, 'VAL_20K': 0, 'VAL_10K': 90000, 'VAL_05K': 35000, 'VAL_02K': 30000, 'VAL_01K': 61000, 'VAL_05C': 5500, 'VAL_01C': 0, 'VAL_50U': 0, 'VAL_10U': 0, 'ACEITE_V': 0, 'PROMO_V': 0, 'VAL_OTRO': 0, 'VAL_COMB': 221500, 'TOTAL_V': 221500}"
deposito.DBF,1128,OPERADOR vacio,"{'NUMERO': 1129, 'FECHA': datetime.date(2018, 11, 25), 'TURNO': 0, 'OPERADOR': '', 'POR_20K': 0, 'POR_10K': 0, 'POR_05K': 0, 'POR_02K': 0, 'POR_01K': 0, 'POR_05C': 13, 'POR_01C': 18, 'POR_50U': 11, 'POR_10U': 0, 'ACEITE_C': 0, 'PROMO_C': 0, 'VAL_20K': 0, 'VAL_10K': 0, 'VAL_05K': 0, 'VAL_02K': 0, 'VAL_01K': 0, 'VAL_05C': 6500, 'VAL_01C': 1800, 'VAL_50U': 550, 'VAL_10U': 0, 'ACEITE_V': 0, 'PROMO_V': 0, 'VAL_OTRO': 0, 'VAL_COMB': 8850, 'TOTAL_V': 8850}"
deposito.DBF,1275,OPERADOR vacio,"{'NUMERO': 1276, 'FECHA': datetime.date(2018, 11, 30), 'TURNO': 0, 'OPERADOR': '', 'POR_20K': 0, 'POR_10K': 0, 'POR_05K': 0, 'POR_02K': 0, 'POR_01K': 0, 'POR_05C': 1, 'POR_01C': 3, 'POR_50U': 0, 'POR_10U': 0, 'ACEITE_C': 0, 'PROMO_C': 0, 'VAL_20K': 0, 'VAL_10K': 0, 'VAL_05K': 0, 'VAL_02K': 0, 'VAL_01K': 0, 'VAL_05C': 500, 'VAL_01C': 300, 'VAL_50U': 0, 'VAL_10U': 0, 'ACEITE_V': 0, 'PROMO_V': 0, 'VAL_OTRO': 0, 'VAL_COMB': 800, 'TOTAL_V': 800}"
deposito.DBF,1287,OPERADOR vacio,"{'NUMERO': 1288, 'FECHA': datetime.date(2018, 11, 30), 'TURNO': 3, 'OPERADOR': '', 'POR_20K': 0, 'POR_10K': 0, 'POR_05K': 0, 'POR_02K': 0, 'POR_01K': 0, 'POR_05C': 0, 'POR_01C': 0, 'POR_50U': 0, 'POR_10U': 0, 'ACEITE_C': 1, 'PROMO_C': 0, 'VAL_20K': 0, 'VAL_10K': 0, 'VAL_05K': 0, 'VAL_02K': 0, 'VAL_01K': 0, 'VAL_05C': 0, 'VAL_01C': 0, 'VAL_50U': 0, 'VAL_10U': 0, 'ACEITE_V': 4500, 'PROMO_V': 0, 'VAL_OTRO': 4500, 'VAL_COMB': 0, 'TOTAL_V': 4500}"
deposito.DBF,1320,OPERADOR vacio,"{'NUMERO': 1321, 'FECHA': datetime.date(2018, 12, 1), 'TURNO': 0, 'OPERADOR': '', 'POR_20K': 2, 'POR_10K': 4, 'POR_05K': 6, 'POR_02K': 4, 'POR_01K': 7, 'POR_05C': 11, 'POR_01C': 42, 'POR_50U': 6, 'POR_10U': 0, 'ACEITE_C': 0, 'PROMO_C': 1, 'VAL_20K': 40000, 'VAL_10K': 40000, 'VAL_05K': 30000, 'VAL_02K': 8000, 'VAL_01K': 7000, 'VAL_05C': 5500, 'VAL_01C': 4200, 'VAL_50U': 300, 'VAL_10U': 0, 'ACEITE_V': 0, 'PROMO_V': 3500, 'VAL_OTRO': 3500, 'VAL_COMB': 135000, 'TOTAL_V': 138500}"
deposito.DBF,1342,OPERADOR vacio,"{'NUMERO': 1343, 'FECHA': datetime.date(2018, 12, 2), 'TURNO': 0, 'OPERADOR': '', 'POR_20K': 0, 'POR_10K': 0, 'POR_05K': 0, 'POR_02K': 0, 'POR_01K': 0, 'POR_05C': 0, 'POR_01C': 0, 'POR_50U': 0, 'POR_10U': 0, 'ACEITE_C': 0, 'PROMO_C': 4, 'VAL_20K': 0, 'VAL_10K': 0, 'VAL_05K': 0, 'VAL_02K': 0, 'VAL_01K': 0, 'VAL_05C': 0, 'VAL_01C': 0, 'VAL_50U': 0, 'VAL_10U': 0, 'ACEITE_V': 0, 'PROMO_V': 14000, 'VAL_OTRO': 14000, 'VAL_COMB': 0, 'TOTAL_V': 14000}"
deposito.DBF,1382,OPERADOR vacio,"{'NUMERO': 1383, 'FECHA': datetime.date(2018, 12, 3), 'TURNO': 2, 'OPERADOR': '', 'POR_20K': 0, 'POR_10K': 0, 'POR_05K': 0, 'POR_02K': 0, 'POR_01K': 0, 'POR_05C': 23, 'POR_01C': 185, 'POR_50U': 74, 'POR_10U': 0, 'ACEITE_C': 0, 'PROMO_C': 0, 'VAL_20K': 0, 'VAL_10K': 0, 'VAL_05K': 0, 'VAL_02K': 0, 'VAL_01K': 0, 'VAL_05C': 11500, 'VAL_01C': 18500, 'VAL_50U': 3700, 'VAL_10U': 0, 'ACEITE_V': 0, 'PROMO_V': 0, 'VAL_OTRO': 0, 'VAL_COMB': 33700, 'TOTAL_V': 33700}"
deposito.DBF,1395,OPERADOR vacio,"{'NUMERO': 1396, 'FECHA': datetime.date(2018, 12, 4), 'TURNO': 0, 'OPERADOR': '', 'POR_20K': 0, 'POR_10K': 0, 'POR_05K': 0, 'POR_02K': 0, 'POR_01K': 0, 'POR_05C': 0, 'POR_01C': 0, 'POR_50U': 0, 'POR_10U': 0, 'ACEITE_C': 0, 'PROMO_C': 0, 'VAL_20K': 0, 'VAL_10K': 0, 'VAL_05K': 0, 'VAL_02K': 0, 'VAL_01K': 0, 'VAL_05C': 0, 'VAL_01C': 0, 'VAL_50U': 0, 'VAL_10U': 0, 'ACEITE_V': 0, 'PROMO_V': 0, 'VAL_OTRO': 0, 'VAL_COMB': 0, 'TOTAL_V': 0}"
deposito.DBF,1403,OPERADOR vacio,"{'NUMERO': 1404, 'FECHA': datetime.date(2018, 12, 4), 'TURNO': 0, 'OPERADOR': '', 'POR_20K': 2, 'POR_10K': 0, 'POR_05K': 0, 'POR_02K': 0, 'POR_01K': 0, 'POR_05C': 0, 'POR_01C': 0, 'POR_50U': 0, 'POR_10U': 0, 'ACEITE_C': 0, 'PROMO_C': 0, 'VAL_20K': 40000, 'VAL_10K': 0, 'VAL_05K': 0, 'VAL_02K': 0, 'VAL_01K': 0, 'VAL_05C': 0, 'VAL_01C': 0, 'VAL_50U': 0, 'VAL_10U': 0, 'ACEITE_V': 0, 'PROMO_V': 0, 'VAL_OTRO': 0, 'VAL_COMB': 40000, 'TOTAL_V': 40000}"
deposito.DBF,1432,OPERADOR vacio,"{'NUMERO': 1433, 'FECHA': datetime.date(2018, 12, 5), 'TURNO': 0, 'OPERADOR': '', 'POR_20K': 0, 'POR_10K': 0, 'POR_05K': 0, 'POR_02K': 0, 'POR_01K': 0, 'POR_05C': 0, 'POR_01C': 0, 'POR_50U': 0, 'POR_10U': 0, 'ACEITE_C': 0, 'PROMO_C': 0, 'VAL_20K': 0, 'VAL_10K': 0, 'VAL_05K': 0, 'VAL_02K': 0, 'VAL_01K': 0, 'VAL_05C': 0, 'VAL_01C': 0, 'VAL_50U': 0, 'VAL_10U': 0, 'ACEITE_V': 0, 'PROMO_V': 0, 'VAL_OTRO': 0, 'VAL_COMB': 0, 'TOTAL_V': 0}"
deposito.DBF,1433,OPERADOR vacio,"{'NUMERO': 1434, 'FECHA': datetime.date(2018, 12, 5), 'TURNO': 0, 'OPERADOR': '', 'POR_20K': 0, 'POR_10K': 0, 'POR_05K': 0, 'POR_02K': 0, 'POR_01K': 0, 'POR_05C': 0, 'POR_01C': 0, 'POR_50U': 0, 'POR_10U': 0, 'ACEITE_C': 0, 'PROMO_C': 0, 'VAL_20K': 0, 'VAL_10K': 0, 'VAL_05K': 0, 'VAL_02K': 0, 'VAL_01K': 0, 'VAL_05C': 0, 'VAL_01C': 0, 'VAL_50U': 0, 'VAL_10U': 0, 'ACEITE_V': 0, 'PROMO_V': 0, 'VAL_OTRO': 0, 'VAL_COMB': 0, 'TOTAL_V': 0}"
deposito.DBF,1434,OPERADOR vacio,"{'NUMERO': 1435, 'FECHA': datetime.date(2018, 12, 5), 'TURNO': 0, 'OPERADOR': '', 'POR_20K': 0, 'POR_10K': 0, 'POR_05K': 0, 'POR_02K': 0, 'POR_01K': 0, 'POR_05C': 0, 'POR_01C': 0, 'POR_50U': 0, 'POR_10U': 0, 'ACEITE_C': 0, 'PROMO_C': 0, 'VAL_20K': 0, 'VAL_10K': 0, 'VAL_05K': 0, 'VAL_02K': 0, 'VAL_01K': 0, 'VAL_05C': 0, 'VAL_01C': 0, 'VAL_50U': 0, 'VAL_10U': 0, 'ACEITE_V': 0, 'PROMO_V': 0, 'VAL_OTRO': 0, 'VAL_COMB': 0, 'TOTAL_V': 0}"
deposito.DBF,1470,OPERADOR vacio,"{'NUMERO': 1471, 'FECHA': datetime.date(2018, 12, 6), 'TURNO': 0, 'OPERADOR': '', 'POR_20K': 2, 'POR_10K': 1, 'POR_05K': 0, 'POR_02K': 0, 'POR_01K': 15, 'POR_05C': 11, 'POR_01C': 34, 'POR_50U': 6, 'POR_10U': 9, 'ACEITE_C': 0, 'PROMO_C': 0, 'VAL_20K': 40000, 'VAL_10K': 10000, 'VAL_05K': 0, 'VAL_02K': 0, 'VAL_01K': 15000, 'VAL_05C': 5500, 'VAL_01C': 3400, 'VAL_50U': 300, 'VAL_10U': 90, 'ACEITE_V': 0, 'PROMO_V': 0, 'VAL_OTRO': 0, 'VAL_COMB': 74290, 'TOTAL_V': 74290}"
deposito.DBF,1479,OPERADOR vacio,"{'NUMERO': 1480, 'FECHA': datetime.date(2018, 12, 6), 'TURNO': 2, 'OPERADOR': '', 'POR_20K': 0, 'POR_10K': 0, 'POR_05K': 0, 'POR_02K': 0, 'POR_01K': 0, 'POR_05C': 0, 'POR_01C': 0, 'POR_50U': 0, 'POR_10U': 0, 'ACEITE_C': 0, 'PROMO_C': 1, 'VAL_20K': 0, 'VAL_10K': 0, 'VAL_05K': 0, 'VAL_02K': 0, 'VAL_01K': 0, 'VAL_05C': 0, 'VAL_01C': 0, 'VAL_50U': 0, 'VAL_10U': 0, 'ACEITE_V': 0, 'PROMO_V': 3500, 'VAL_OTRO': 3500, 'VAL_COMB': 0, 'TOTAL_V': 3500}"
deposito.DBF,1514,OPERADOR vacio,"{'NUMERO': 1516, 'FECHA': datetime.date(2018, 12, 7), 'TURNO': 0, 'OPERADOR': '', 'POR_20K': 0, 'POR_10K': 4, 'POR_05K': 0, 'POR_02K': 0, 'POR_01K': 0, 'POR_05C': 0, 'POR_01C': 0, 'POR_50U': 0, 'POR_10U': 0, 'ACEITE_C': 0, 'PROMO_C': 0, 'VAL_20K': 0, 'VAL_10K': 40000, 'VAL_05K': 0, 'VAL_02K': 0, 'VAL_01K': 0, 'VAL_05C': 0, 'VAL_01C': 0, 'VAL_50U': 0, 'VAL_10U': 0, 'ACEITE_V': 0, 'PROMO_V': 0, 'VAL_OTRO': 0, 'VAL_COMB': 40000, 'TOTAL_V': 40000}"
deposito.DBF,1526,OPERADOR vacio,"{'NUMERO': 1528, 'FECHA': datetime.date(2018, 12, 7), 'TURNO': 3, 'OPERADOR': '', 'POR_20K': 1, 'POR_10K': 2, 'POR_05K': 10, 'POR_02K': 3, 'POR_01K': 6, 'POR_05C': 5, 'POR_01C': 5, 'POR_50U': 2, 'POR_10U': 1, 'ACEITE_C': 0, 'PROMO_C': 0, 'VAL_20K': 20000, 'VAL_10K': 20000, 'VAL_05K': 50000, 'VAL_02K': 6000, 'VAL_01K': 6000, 'VAL_05C': 2500, 'VAL_01C': 500, 'VAL_50U': 100, 'VAL_10U': 10, 'ACEITE_V': 0, 'PROMO_V': 0, 'VAL_OTRO': 0, 'VAL_COMB': 105110, 'TOTAL_V': 105110}"
deposito.DBF,1684,OPERADOR vacio,"{'NUMERO': 1686, 'FECHA': datetime.date(2018, 12, 13), 'TURNO': 0, 'OPERADOR': '', 'POR_20K': 0, 'POR_10K': 0, 'POR_05K': 0, 'POR_02K': 0, 'POR_01K': 0, 'POR_05C': 0, 'POR_01C': 0, 'POR_50U': 0, 'POR_10U': 0, 'ACEITE_C': 0, 'PROMO_C': 1, 'VAL_20K': 0, 'VAL_10K': 0, 'VAL_05K': 0, 'VAL_02K': 0, 'VAL_01K': 0, 'VAL_05C': 0, 'VAL_01C': 0, 'VAL_50U': 0, 'VAL_10U': 0, 'ACEITE_V': 0, 'PROMO_V': 3500, 'VAL_OTRO': 3500, 'VAL_COMB': 0, 'TOTAL_V': 3500}"
deposito.DBF,1868,OPERADOR vacio,"{'NUMERO': 1871, 'FECHA': datetime.date(2018, 12, 20), 'TURNO': 0, 'OPERADOR': '', 'POR_20K': 2, 'POR_10K': 1, 'POR_05K': 1, 'POR_02K': 0, 'POR_01K': 0, 'POR_05C': 0, 'POR_01C': 0, 'POR_50U': 0, 'POR_10U': 0, 'ACEITE_C': 0, 'PROMO_C': 0, 'VAL_20K': 40000, 'VAL_10K': 10000, 'VAL_05K': 5000, 'VAL_02K': 0, 'VAL_01K': 0, 'VAL_05C': 0, 'VAL_01C': 0, 'VAL_50U': 0, 'VAL_10U': 0, 'ACEITE_V': 0, 'PROMO_V': 0, 'VAL_OTRO': 0, 'VAL_COMB': 55000, 'TOTAL_V': 55000}"
deposito.DBF,1886,OPERADOR vacio,"{'NUMERO': 1889, 'FECHA': datetime.date(2018, 12, 20), 'TURNO': 2, 'OPERADOR': '', 'POR_20K': 4, 'POR_10K': 10, 'POR_05K': 0, 'POR_02K': 0, 'POR_01K': 0, 'POR_05C': 10, 'POR_01C': 50, 'POR_50U': 0, 'POR_10U': 0, 'ACEITE_C': 0, 'PROMO_C': 0, 'VAL_20K': 80000, 'VAL_10K': 100000, 'VAL_05K': 0, 'VAL_02K': 0, 'VAL_01K': 0, 'VAL_05C': 5000, 'VAL_01C': 5000, 'VAL_50U': 0, 'VAL_10U': 0, 'ACEITE_V': 0, 'PROMO_V': 0, 'VAL_OTRO': 0, 'VAL_COMB': 190000, 'TOTAL_V': 190000}"
deposito.DBF,1950,OPERADOR vacio,"{'NUMERO': 1955, 'FECHA': datetime.date(2018, 12, 22), 'TURNO': 0, 'OPERADOR': '', 'POR_20K': 0, 'POR_10K': 0, 'POR_05K': 0, 'POR_02K': 0, 'POR_01K': 3, 'POR_05C': 0, 'POR_01C': 0, 'POR_50U': 0, 'POR_10U': 0, 'ACEITE_C': 0, 'PROMO_C': 0, 'VAL_20K': 0, 'VAL_10K': 0, 'VAL_05K': 0, 'VAL_02K': 0, 'VAL_01K': 3000, 'VAL_05C': 0, 'VAL_01C': 0, 'VAL_50U': 0, 'VAL_10U': 0, 'ACEITE_V': 0, 'PROMO_V': 0, 'VAL_OTRO': 0, 'VAL_COMB': 3000, 'TOTAL_V': 3000}"
deposito.DBF,1977,OPERADOR vacio,"{'NUMERO': 1982, 'FECHA': datetime.date(2018, 12, 23), 'TURNO': 0, 'OPERADOR': '', 'POR_20K': 0, 'POR_10K': 0, 'POR_05K': 0, 'POR_02K': 0, 'POR_01K': 0, 'POR_05C': 0, 'POR_01C': 0, 'POR_50U': 0, 'POR_10U': 0, 'ACEITE_C': 0, 'PROMO_C': 1, 'VAL_20K': 0, 'VAL_10K': 0, 'VAL_05K': 0, 'VAL_02K': 0, 'VAL_01K': 0, 'VAL_05C': 0, 'VAL_01C': 0, 'VAL_50U': 0, 'VAL_10U': 0, 'ACEITE_V': 0, 'PROMO_V': 3500, 'VAL_OTRO': 3500, 'VAL_COMB': 0, 'TOTAL_V': 3500}"
deposito.DBF,2052,OPERADOR vacio,"{'NUMERO': 2058, 'FECHA': datetime.date(2018, 12, 26), 'TURNO': 0, 'OPERADOR': '', 'POR_20K': 8, 'POR_10K': 7, 'POR_05K': 0, 'POR_02K': 0, 'POR_01K': 0, 'POR_05C': 0, 'POR_01C': 0, 'POR_50U': 0, 'POR_10U': 0, 'ACEITE_C': 0, 'PROMO_C': 0, 'VAL_20K': 160000, 'VAL_10K': 70000, 'VAL_05K': 0, 'VAL_02K': 0, 'VAL_01K': 0, 'VAL_05C': 0, 'VAL_01C': 0, 'VAL_50U': 0, 'VAL_10U': 0, 'ACEITE_V': 0, 'PROMO_V': 0, 'VAL_OTRO': 0, 'VAL_COMB': 230000, 'TOTAL_V': 230000}"
deposito.DBF,2153,OPERADOR vacio,"{'NUMERO': 2161, 'FECHA': datetime.date(2018, 12, 3), 'TURNO': 0, 'OPERADOR': '', 'POR_20K': 0, 'POR_10K': 0, 'POR_05K': 0, 'POR_02K': 0, 'POR_01K': 0, 'POR_05C': 0, 'POR_01C': 0, 'POR_50U': 0, 'POR_10U': 0, 'ACEITE_C': 0, 'PROMO_C': 0, 'VAL_20K': 0, 'VAL_10K': 0, 'VAL_05K': 0, 'VAL_02K': 0, 'VAL_01K': 0, 'VAL_05C': 0, 'VAL_01C': 0, 'VAL_50U': 0, 'VAL_10U': 0, 'ACEITE_V': 0, 'PROMO_V': 0, 'VAL_OTRO': 0, 'VAL_COMB': 0, 'TOTAL_V': 0}"
deposito.DBF,2359,OPERADOR vacio,"{'NUMERO': 2367, 'FECHA': datetime.date(2019, 1, 7), 'TURNO': 0, 'OPERADOR': '', 'POR_20K': 1, 'POR_10K': 1, 'POR_05K': 1, 'POR_02K': 0, 'POR_01K': 0, 'POR_05C': 0, 'POR_01C': 0, 'POR_50U': 0, 'POR_10U': 0, 'ACEITE_C': 0, 'PROMO_C': 0, 'VAL_20K': 20000, 'VAL_10K': 10000, 'VAL_05K': 5000, 'VAL_02K': 0, 'VAL_01K': 0, 'VAL_05C': 0, 'VAL_01C': 0, 'VAL_50U': 0, 'VAL_10U': 0, 'ACEITE_V': 0, 'PROMO_V': 0, 'VAL_OTRO': 0, 'VAL_COMB': 35000, 'TOTAL_V': 35000}"
deposito.DBF,2425,OPERADOR vacio,"{'NUMERO': 2433, 'FECHA': datetime.date(2019, 1, 10), 'TURNO': 0, 'OPERADOR': '', 'POR_20K': 0, 'POR_10K': 0, 'POR_05K': 0, 'POR_02K': 0, 'POR_01K': 0, 'POR_05C': 147, 'POR_01C': 0, 'POR_50U': 0, 'POR_10U': 0, 'ACEITE_C': 0, 'PROMO_C': 0, 'VAL_20K': 0, 'VAL_10K': 0, 'VAL_05K': 0, 'VAL_02K': 0, 'VAL_01K': 0, 'VAL_05C': 73500, 'VAL_01C': 0, 'VAL_50U': 0, 'VAL_10U': 0, 'ACEITE_V': 0, 'PROMO_V': 0, 'VAL_OTRO': 0, 'VAL_COMB': 73500, 'TOTAL_V': 73500}"
